tiempo_s,X_mm,Y_mm,Z_mm,q1_rad,q2_rad,d3_m,v1_rad_s,v2_rad_s,v3_m_s,torque_q1_Nm,torque_q2_Nm,fuerza_d3_N
0.0,200.0,50.0,140.0,-0.6409,1.5056,0.023,0.0,0.0,0.0,0.0,0.0,0.0
0.02,199.6,50.6,139.76,-0.6392,1.5082,0.0232,0.0829,0.1298,0.012,-0.0054,0.4392,-0.4472
0.04,199.2,51.2,139.52,-0.6376,1.5108,0.0235,0.0841,0.1284,0.012,0.0865,0.919,-0.4472
0.06,198.8,51.8,139.28,-0.6358,1.5134,0.0237,0.0853,0.127,0.012,0.1085,0.7107,-0.4472
0.08,198.4,52.4,139.04,-0.6341,1.5159,0.024,0.0865,0.1257,0.012,0.0972,0.5969,-0.4472
0.1,198.0,53.0,138.8,-0.6324,1.5184,0.0242,0.0877,0.1243,0.012,0.0772,0.5339,-0.4472
0.12,197.6,53.6,138.56,-0.6306,1.5208,0.0244,0.0889,0.1229,0.012,0.058,0.4977,-0.4472
0.14,197.2,54.2,138.32,-0.6288,1.5232,0.0247,0.0901,0.1216,0.012,0.0425,0.4761,-0.4472
0.16,196.8,54.8,138.08,-0.627,1.5256,0.0249,0.0913,0.1202,0.012,0.0309,0.463,-0.4472
0.18,196.4,55.4,137.84,-0.6251,1.528,0.0252,0.0925,0.1188,0.012,0.0226,0.4548,-0.4472
0.2,196.0,56.0,137.6,-0.6232,1.5304,0.0254,0.0937,0.1174,0.012,0.0167,0.4496,-0.4472
0.22,195.6,56.6,137.36,-0.6213,1.5327,0.0256,0.0949,0.1161,0.012,0.0127,0.4462,-0.4472
0.24,195.2,57.2,137.12,-0.6194,1.535,0.0259,0.0961,0.1147,0.012,0.0099,0.4441,-0.4472
0.26,194.8,57.8,136.88,-0.6175,1.5373,0.0261,0.0973,0.1133,0.012,0.008,0.4426,-0.4472
0.28,194.4,58.4,136.64,-0.6155,1.5395,0.0264,0.0985,0.112,0.012,0.0067,0.4416,-0.4472
0.3,194.0,59.0,136.4,-0.6135,1.5417,0.0266,0.0997,0.1106,0.012,0.0057,0.441,-0.4472
0.32,193.6,59.6,136.16,-0.6115,1.5439,0.0268,0.1009,0.1093,0.012,0.0052,0.4406,-0.4472
0.34,193.2,60.2,135.92,-0.6094,1.546,0.0271,0.1021,0.1079,0.012,0.0047,0.4403,-0.4472
0.36,192.8,60.8,135.68,-0.6074,1.5482,0.0273,0.1033,0.1065,0.012,0.0044,0.44,-0.4472
0.38,192.4,61.4,135.44,-0.6053,1.5503,0.0276,0.1044,0.1052,0.012,0.0041,0.4398,-0.4472
0.4,192.0,62.0,135.2,-0.6032,1.5524,0.0278,0.1056,0.1038,0.012,0.0039,0.4397,-0.4472
0.42,191.6,62.6,134.96,-0.601,1.5544,0.028,0.1068,0.1025,0.012,0.0038,0.4396,-0.4472
0.44,191.2,63.2,134.72,-0.5989,1.5564,0.0283,0.108,0.1011,0.012,0.0037,0.4395,-0.4472
0.46,190.8,63.8,134.48,-0.5967,1.5584,0.0285,0.1091,0.0997,0.012,0.0037,0.4395,-0.4472
0.48,190.4,64.4,134.24,-0.5945,1.5604,0.0288,0.1103,0.0984,0.012,0.0036,0.4394,-0.4472
0.5,190.0,65.0,134.0,-0.5923,1.5623,0.029,0.1114,0.097,0.012,0.0036,0.4394,-0.4472
0.52,189.6,65.6,133.76,-0.59,1.5642,0.0292,0.1126,0.0957,0.012,0.0037,0.4395,-0.4472
0.54,189.2,66.2,133.52,-0.5877,1.5661,0.0295,0.1138,0.0943,0.012,0.0035,0.4394,-0.4472
0.56,188.8,66.8,133.28,-0.5854,1.568,0.0297,0.1149,0.093,0.012,0.0035,0.4394,-0.4472
0.58,188.4,67.4,133.04,-0.5831,1.5698,0.03,0.1161,0.0916,0.012,0.0035,0.4393,-0.4472
0.6,188.0,68.0,132.8,-0.5808,1.5716,0.0302,0.1172,0.0903,0.012,0.0036,0.4394,-0.4472
0.62,187.6,68.6,132.56,-0.5784,1.5734,0.0304,0.1184,0.0889,0.012,0.0035,0.4393,-0.4472
0.64,187.2,69.2,132.32,-0.576,1.5752,0.0307,0.1195,0.0876,0.012,0.0035,0.4393,-0.4472
0.66,186.8,69.8,132.08,-0.5736,1.5769,0.0309,0.1207,0.0862,0.012,0.0035,0.4393,-0.4472
0.68,186.4,70.4,131.84,-0.5712,1.5786,0.0312,0.1218,0.0848,0.012,0.0036,0.4394,-0.4472
0.7,186.0,71.0,131.6,-0.5687,1.5802,0.0314,0.1229,0.0835,0.012,0.0036,0.4394,-0.4472
0.72,185.6,71.6,131.36,-0.5662,1.5819,0.0316,0.1241,0.0821,0.012,0.0036,0.4394,-0.4472
0.74,185.2,72.2,131.12,-0.5637,1.5835,0.0319,0.1252,0.0808,0.012,0.0036,0.4394,-0.4472
0.76,184.8,72.8,130.88,-0.5612,1.5851,0.0321,0.1263,0.0794,0.012,0.0036,0.4393,-0.4472
0.78,184.4,73.4,130.64,-0.5586,1.5867,0.0324,0.1274,0.0781,0.012,0.0036,0.4393,-0.4472
0.8,184.0,74.0,130.4,-0.5561,1.5882,0.0326,0.1286,0.0767,0.012,0.0036,0.4393,-0.4472
0.82,183.6,74.6,130.16,-0.5535,1.5897,0.0328,0.1297,0.0754,0.012,0.0036,0.4393,-0.4472
0.84,183.2,75.2,129.92,-0.5509,1.5912,0.0331,0.1308,0.074,0.012,0.0036,0.4393,-0.4472
0.86,182.8,75.8,129.68,-0.5482,1.5926,0.0333,0.1319,0.0727,0.012,0.0036,0.4393,-0.4472
0.88,182.4,76.4,129.44,-0.5456,1.5941,0.0336,0.133,0.0713,0.012,0.0036,0.4393,-0.4472
0.9,182.0,77.0,129.2,-0.5429,1.5955,0.0338,0.1341,0.07,0.012,0.0036,0.4393,-0.4472
0.92,181.6,77.6,128.96,-0.5402,1.5968,0.034,0.1352,0.0686,0.012,0.0036,0.4393,-0.4472
0.94,181.2,78.2,128.72,-0.5375,1.5982,0.0343,0.1363,0.0673,0.012,0.0036,0.4393,-0.4472
0.96,180.8,78.8,128.48,-0.5347,1.5995,0.0345,0.1374,0.0659,0.012,0.0036,0.4393,-0.4472
0.98,180.4,79.4,128.24,-0.5319,1.6008,0.0348,0.1385,0.0646,0.012,0.0036,0.4393,-0.4472
1.0,180.0,80.0,128.0,-0.5291,1.6021,0.035,0.1396,0.0632,0.012,0.0036,0.4393,-0.4472
1.02,179.6,80.6,127.76,-0.5263,1.6033,0.0352,0.1407,0.0619,0.012,0.0036,0.4393,-0.4472
1.04,179.2,81.2,127.52,-0.5235,1.6045,0.0355,0.1417,0.0605,0.012,0.0036,0.4393,-0.4472
1.06,178.8,81.8,127.28,-0.5206,1.6057,0.0357,0.1428,0.0591,0.012,0.0036,0.4393,-0.4472
1.08,178.4,82.4,127.04,-0.5178,1.6068,0.036,0.1439,0.0578,0.012,0.0036,0.4393,-0.4472
1.1,178.0,83.0,126.8,-0.5149,1.608,0.0362,0.145,0.0564,0.012,0.0036,0.4393,-0.4472
1.12,177.6,83.6,126.56,-0.5119,1.6091,0.0364,0.146,0.0551,0.012,0.0036,0.4393,-0.4472
1.14,177.2,84.2,126.32,-0.509,1.6101,0.0367,0.1471,0.0537,0.012,0.0036,0.4393,-0.4472
1.16,176.8,84.8,126.08,-0.506,1.6112,0.0369,0.1481,0.0524,0.012,0.0036,0.4393,-0.4472
1.18,176.4,85.4,125.84,-0.5031,1.6122,0.0372,0.1492,0.051,0.012,0.0035,0.4393,-0.4472
1.2,176.0,86.0,125.6,-0.5,1.6132,0.0374,0.1502,0.0497,0.012,0.0035,0.4393,-0.4472
1.22,175.6,86.6,125.36,-0.497,1.6142,0.0376,0.1513,0.0483,0.012,0.0036,0.4393,-0.4472
1.24,175.2,87.2,125.12,-0.494,1.6151,0.0379,0.1523,0.047,0.012,0.0036,0.4393,-0.4472
1.26,174.8,87.8,124.88,-0.4909,1.616,0.0381,0.1534,0.0456,0.012,0.0036,0.4393,-0.4472
1.28,174.4,88.4,124.64,-0.4878,1.6169,0.0384,0.1544,0.0443,0.012,0.0035,0.4393,-0.4472
1.3,174.0,89.0,124.4,-0.4847,1.6178,0.0386,0.1554,0.0429,0.012,0.0035,0.4393,-0.4472
1.32,173.6,89.6,124.16,-0.4816,1.6186,0.0388,0.1565,0.0416,0.012,0.0035,0.4393,-0.4472
1.34,173.2,90.2,123.92,-0.4784,1.6194,0.0391,0.1575,0.0402,0.012,0.0036,0.4393,-0.4472
1.36,172.8,90.8,123.68,-0.4753,1.6202,0.0393,0.1585,0.0388,0.012,0.0036,0.4393,-0.4472
1.38,172.4,91.4,123.44,-0.4721,1.6209,0.0396,0.1595,0.0375,0.012,0.0036,0.4393,-0.4472
1.4,172.0,92.0,123.2,-0.4689,1.6217,0.0398,0.1605,0.0361,0.012,0.0036,0.4393,-0.4472
1.42,171.6,92.6,122.96,-0.4656,1.6223,0.04,0.1615,0.0348,0.012,0.0036,0.4393,-0.4472
1.44,171.2,93.2,122.72,-0.4624,1.623,0.0403,0.1625,0.0334,0.012,0.0036,0.4393,-0.4472
1.46,170.8,93.8,122.48,-0.4591,1.6237,0.0405,0.1635,0.0321,0.012,0.0036,0.4393,-0.4472
1.48,170.4,94.4,122.24,-0.4558,1.6243,0.0408,0.1645,0.0307,0.012,0.0036,0.4393,-0.4472
1.5,170.0,95.0,122.0,-0.4525,1.6249,0.041,0.1655,0.0294,0.012,0.0036,0.4393,-0.4472
1.52,169.6,95.6,121.76,-0.4492,1.6254,0.0412,0.1665,0.028,0.012,0.0036,0.4393,-0.4472
1.54,169.2,96.2,121.52,-0.4458,1.626,0.0415,0.1675,0.0267,0.012,0.0036,0.4393,-0.4472
1.56,168.8,96.8,121.28,-0.4425,1.6265,0.0417,0.1684,0.0253,0.012,0.0036,0.4393,-0.4472
1.58,168.4,97.4,121.04,-0.4391,1.6269,0.042,0.1694,0.0239,0.012,0.0036,0.4393,-0.4472
1.6,168.0,98.0,120.8,-0.4357,1.6274,0.0422,0.1704,0.0226,0.012,0.0036,0.4393,-0.4472
1.62,167.6,98.6,120.56,-0.4322,1.6278,0.0424,0.1713,0.0212,0.012,0.0036,0.4393,-0.4472
1.64,167.2,99.2,120.32,-0.4288,1.6282,0.0427,0.1723,0.0199,0.012,0.0036,0.4393,-0.4472
1.66,166.8,99.8,120.08,-0.4253,1.6286,0.0429,0.1732,0.0185,0.012,0.0036,0.4393,-0.4472
1.68,166.4,100.4,119.84,-0.4218,1.6289,0.0432,0.1742,0.0172,0.012,0.0036,0.4393,-0.4472
1.7,166.0,101.0,119.6,-0.4183,1.6292,0.0434,0.1751,0.0158,0.012,0.0036,0.4393,-0.4472
1.72,165.6,101.6,119.36,-0.4148,1.6295,0.0436,0.1761,0.0145,0.012,0.0036,0.4393,-0.4472
1.74,165.2,102.2,119.12,-0.4113,1.6298,0.0439,0.177,0.0131,0.012,0.0036,0.4393,-0.4472
1.76,164.8,102.8,118.88,-0.4077,1.63,0.0441,0.1779,0.0117,0.012,0.0036,0.4393,-0.4472
1.78,164.4,103.4,118.64,-0.4041,1.6302,0.0444,0.1788,0.0104,0.012,0.0036,0.4393,-0.4472
1.8,164.0,104.0,118.4,-0.4006,1.6304,0.0446,0.1797,0.009,0.012,0.0036,0.4393,-0.4472
1.82,163.6,104.6,118.16,-0.3969,1.6306,0.0448,0.1807,0.0077,0.012,0.0036,0.4393,-0.4472
1.84,163.2,105.2,117.92,-0.3933,1.6307,0.0451,0.1816,0.0063,0.012,0.0036,0.4393,-0.4472
1.86,162.8,105.8,117.68,-0.3897,1.6308,0.0453,0.1825,0.005,0.012,0.0036,0.4393,-0.4472
1.88,162.4,106.4,117.44,-0.386,1.6309,0.0456,0.1834,0.0036,0.012,0.0036,0.4393,-0.4472
1.9,162.0,107.0,117.2,-0.3823,1.6309,0.0458,0.1843,0.0022,0.012,0.0036,0.4393,-0.4472
1.92,161.6,107.6,116.96,-0.3786,1.6309,0.046,0.1851,0.0009,0.012,0.0036,0.4393,-0.4472
1.94,161.2,108.2,116.72,-0.3749,1.6309,0.0463,0.186,-0.0005,0.012,0.0036,0.4393,-0.4472
1.96,160.8,108.8,116.48,-0.3711,1.6309,0.0465,0.1869,-0.0018,0.012,0.0036,0.4393,-0.4472
1.98,160.4,109.4,116.24,-0.3674,1.6308,0.0468,0.1878,-0.0032,0.012,0.0036,0.4393,-0.4472
2.0,160.0,110.0,116.0,-0.3636,1.6307,0.047,0.1886,-0.0045,0.012,0.0036,0.4393,-0.4472
2.02,159.6,110.6,115.76,-0.3598,1.6306,0.0472,0.1895,-0.0059,0.012,0.0036,0.4393,-0.4472
2.04,159.2,111.2,115.52,-0.356,1.6305,0.0475,0.1903,-0.0073,0.012,0.0036,0.4393,-0.4472
2.06,158.8,111.8,115.28,-0.3522,1.6303,0.0477,0.1912,-0.0086,0.012,0.0036,0.4393,-0.4472
2.08,158.4,112.4,115.04,-0.3484,1.6301,0.048,0.192,-0.01,0.012,0.0036,0.4393,-0.4472
2.1,158.0,113.0,114.8,-0.3445,1.6299,0.0482,0.1929,-0.0113,0.012,0.0036,0.4393,-0.4472
2.12,157.6,113.6,114.56,-0.3406,1.6296,0.0484,0.1937,-0.0127,0.012,0.0036,0.4393,-0.4472
2.14,157.2,114.2,114.32,-0.3367,1.6293,0.0487,0.1945,-0.014,0.012,0.0036,0.4393,-0.4472
2.16,156.8,114.8,114.08,-0.3328,1.629,0.0489,0.1954,-0.0154,0.012,0.0036,0.4393,-0.4472
2.18,156.4,115.4,113.84,-0.3289,1.6287,0.0492,0.1962,-0.0167,0.012,0.0036,0.4393,-0.4472
2.2,156.0,116.0,113.6,-0.325,1.6283,0.0494,0.197,-0.0181,0.012,0.0036,0.4393,-0.4472
2.22,155.6,116.6,113.36,-0.321,1.6279,0.0496,0.1978,-0.0195,0.012,0.0036,0.4393,-0.4472
2.24,155.2,117.2,113.12,-0.317,1.6275,0.0499,0.1986,-0.0208,0.012,0.0036,0.4393,-0.4472
2.26,154.8,117.8,112.88,-0.313,1.6271,0.0501,0.1994,-0.0222,0.012,0.0036,0.4393,-0.4472
2.28,154.4,118.4,112.64,-0.309,1.6266,0.0504,0.2002,-0.0235,0.012,0.0036,0.4393,-0.4472
2.3,154.0,119.0,112.4,-0.305,1.6261,0.0506,0.201,-0.0249,0.012,0.0036,0.4393,-0.4472
2.32,153.6,119.6,112.16,-0.301,1.6256,0.0508,0.2018,-0.0262,0.012,0.0036,0.4393,-0.4472
2.34,153.2,120.2,111.92,-0.2969,1.625,0.0511,0.2025,-0.0276,0.012,0.0036,0.4393,-0.4472
2.36,152.8,120.8,111.68,-0.2929,1.6245,0.0513,0.2033,-0.0289,0.012,0.0036,0.4393,-0.4472
2.38,152.4,121.4,111.44,-0.2888,1.6238,0.0516,0.2041,-0.0303,0.012,0.0036,0.4393,-0.4472
2.4,152.0,122.0,111.2,-0.2847,1.6232,0.0518,0.2048,-0.0317,0.012,0.0036,0.4393,-0.4472
2.42,151.6,122.6,110.96,-0.2806,1.6226,0.052,0.2056,-0.033,0.012,0.0036,0.4393,-0.4472
2.44,151.2,123.2,110.72,-0.2765,1.6219,0.0523,0.2063,-0.0344,0.012,0.0036,0.4393,-0.4472
2.46,150.8,123.8,110.48,-0.2723,1.6212,0.0525,0.2071,-0.0357,0.012,0.0036,0.4393,-0.4472
2.48,150.4,124.4,110.24,-0.2682,1.6204,0.0528,0.2078,-0.0371,0.012,0.0035,0.4392,-0.4472
2.5,150.0,125.0,110.0,-0.264,1.6196,0.053,0.2085,-0.0384,0.012,0.0035,0.4392,-0.4472
2.52,149.6,125.6,109.76,-0.2598,1.6188,0.0532,0.2093,-0.0398,0.012,0.0036,0.4393,-0.4472
2.54,149.2,126.2,109.52,-0.2556,1.618,0.0535,0.21,-0.0411,0.012,0.0036,0.4393,-0.4472
2.56,148.8,126.8,109.28,-0.2514,1.6172,0.0537,0.2107,-0.0425,0.012,0.0036,0.4393,-0.4472
2.58,148.4,127.4,109.04,-0.2472,1.6163,0.054,0.2114,-0.0438,0.012,0.0036,0.4393,-0.4472
2.6,148.0,128.0,108.8,-0.2429,1.6154,0.0542,0.2121,-0.0452,0.012,0.0036,0.4393,-0.4472
2.62,147.6,128.6,108.56,-0.2387,1.6145,0.0544,0.2128,-0.0466,0.012,0.0036,0.4393,-0.4472
2.64,147.2,129.2,108.32,-0.2344,1.6135,0.0547,0.2135,-0.0479,0.012,0.0036,0.4393,-0.4472
2.66,146.8,129.8,108.08,-0.2301,1.6125,0.0549,0.2142,-0.0493,0.012,0.0036,0.4393,-0.4472
2.68,146.4,130.4,107.84,-0.2258,1.6115,0.0552,0.2149,-0.0506,0.012,0.0035,0.4393,-0.4472
2.7,146.0,131.0,107.6,-0.2215,1.6105,0.0554,0.2156,-0.052,0.012,0.0035,0.4393,-0.4472
2.72,145.6,131.6,107.36,-0.2172,1.6094,0.0556,0.2162,-0.0533,0.012,0.0035,0.4393,-0.4472
2.74,145.2,132.2,107.12,-0.2128,1.6083,0.0559,0.2169,-0.0547,0.012,0.0035,0.4393,-0.4472
2.76,144.8,132.8,106.88,-0.2085,1.6072,0.0561,0.2176,-0.056,0.012,0.0035,0.4393,-0.4472
2.78,144.4,133.4,106.64,-0.2041,1.606,0.0564,0.2182,-0.0574,0.012,0.0035,0.4392,-0.4472
2.8,144.0,134.0,106.4,-0.1997,1.6049,0.0566,0.2189,-0.0587,0.012,0.0035,0.4392,-0.4472
2.82,143.6,134.6,106.16,-0.1953,1.6037,0.0568,0.2195,-0.0601,0.012,0.0035,0.4392,-0.4472
2.84,143.2,135.2,105.92,-0.1909,1.6024,0.0571,0.2202,-0.0614,0.012,0.0035,0.4392,-0.4472
2.86,142.8,135.8,105.68,-0.1865,1.6012,0.0573,0.2208,-0.0628,0.012,0.0035,0.4392,-0.4472
2.88,142.4,136.4,105.44,-0.1821,1.5999,0.0576,0.2215,-0.0641,0.012,0.0035,0.4392,-0.4472
2.9,142.0,137.0,105.2,-0.1777,1.5986,0.0578,0.2221,-0.0655,0.012,0.0035,0.4392,-0.4472
2.92,141.6,137.6,104.96,-0.1732,1.5972,0.058,0.2227,-0.0668,0.012,0.0035,0.4392,-0.4472
2.94,141.2,138.2,104.72,-0.1687,1.5959,0.0583,0.2233,-0.0682,0.012,0.0035,0.4392,-0.4472
2.96,140.8,138.8,104.48,-0.1643,1.5945,0.0585,0.2239,-0.0696,0.012,0.0035,0.4392,-0.4472
2.98,140.4,139.4,104.24,-0.1598,1.5931,0.0588,0.2246,-0.0709,0.012,0.0035,0.4392,-0.4472
3.0,140.0,140.0,104.0,-0.1553,1.5916,0.059,0.2252,-0.0723,0.012,0.0035,0.4392,-0.4472
3.02,139.6,140.6,103.76,-0.1507,1.5902,0.0592,0.2258,-0.0736,0.012,0.0034,0.4392,-0.4472
3.04,139.2,141.2,103.52,-0.1462,1.5887,0.0595,0.2264,-0.075,0.012,0.0034,0.4392,-0.4472
3.06,138.8,141.8,103.28,-0.1417,1.5871,0.0597,0.2269,-0.0763,0.012,0.0035,0.4393,-0.4472
3.08,138.4,142.4,103.04,-0.1371,1.5856,0.06,0.2275,-0.0777,0.012,0.0035,0.4393,-0.4472
3.1,138.0,143.0,102.8,-0.1326,1.584,0.0602,0.2281,-0.079,0.012,0.0035,0.4392,-0.4472
3.12,137.6,143.6,102.56,-0.128,1.5824,0.0604,0.2287,-0.0804,0.012,0.0035,0.4392,-0.4472
3.14,137.2,144.2,102.32,-0.1234,1.5808,0.0607,0.2293,-0.0817,0.012,0.0035,0.4392,-0.4472
3.16,136.8,144.8,102.08,-0.1188,1.5791,0.0609,0.2298,-0.0831,0.012,0.0034,0.4392,-0.4472
3.18,136.4,145.4,101.84,-0.1142,1.5774,0.0612,0.2304,-0.0844,0.012,0.0034,0.4392,-0.4472
3.2,136.0,146.0,101.6,-0.1096,1.5757,0.0614,0.2309,-0.0858,0.012,0.0034,0.4392,-0.4472
3.22,135.6,146.6,101.36,-0.105,1.5739,0.0616,0.2315,-0.0871,0.012,0.0034,0.4392,-0.4472
3.24,135.2,147.2,101.12,-0.1003,1.5722,0.0619,0.232,-0.0885,0.012,0.0034,0.4392,-0.4472
3.26,134.8,147.8,100.88,-0.0957,1.5704,0.0621,0.2326,-0.0898,0.012,0.0034,0.4392,-0.4472
3.28,134.4,148.4,100.64,-0.091,1.5686,0.0624,0.2331,-0.0912,0.012,0.0034,0.4392,-0.4472
3.3,134.0,149.0,100.4,-0.0863,1.5667,0.0626,0.2337,-0.0926,0.012,0.0034,0.4392,-0.4472
3.32,133.6,149.6,100.16,-0.0816,1.5648,0.0628,0.2342,-0.0939,0.012,0.0034,0.4392,-0.4472
3.34,133.2,150.2,99.92,-0.0769,1.5629,0.0631,0.2347,-0.0953,0.012,0.0034,0.4392,-0.4472
3.36,132.8,150.8,99.68,-0.0722,1.561,0.0633,0.2353,-0.0966,0.012,0.0034,0.4392,-0.4472
3.38,132.4,151.4,99.44,-0.0675,1.559,0.0636,0.2358,-0.098,0.012,0.0034,0.4392,-0.4472
3.4,132.0,152.0,99.2,-0.0628,1.557,0.0638,0.2363,-0.0993,0.012,0.0034,0.4392,-0.4472
3.42,131.6,152.6,98.96,-0.0581,1.555,0.064,0.2368,-0.1007,0.012,0.0034,0.4392,-0.4472
3.44,131.2,153.2,98.72,-0.0533,1.553,0.0643,0.2373,-0.102,0.012,0.0034,0.4392,-0.4472
3.46,130.8,153.8,98.48,-0.0486,1.5509,0.0645,0.2378,-0.1034,0.012,0.0033,0.4392,-0.4472
3.48,130.4,154.4,98.24,-0.0438,1.5488,0.0648,0.2383,-0.1048,0.012,0.0033,0.4392,-0.4472
3.5,130.0,155.0,98.0,-0.039,1.5467,0.065,0.2388,-0.1061,0.012,0.0033,0.4392,-0.4472
3.52,129.6,155.6,97.76,-0.0342,1.5446,0.0652,0.2393,-0.1075,0.012,0.0033,0.4392,-0.4472
3.54,129.2,156.2,97.52,-0.0294,1.5424,0.0655,0.2398,-0.1088,0.012,0.0033,0.4392,-0.4472
3.56,128.8,156.8,97.28,-0.0246,1.5402,0.0657,0.2403,-0.1102,0.012,0.0033,0.4392,-0.4472
3.58,128.4,157.4,97.04,-0.0198,1.5379,0.066,0.2408,-0.1116,0.012,0.0033,0.4392,-0.4472
3.6,128.0,158.0,96.8,-0.015,1.5357,0.0662,0.2412,-0.1129,0.012,0.0033,0.4392,-0.4472
3.62,127.6,158.6,96.56,-0.0102,1.5334,0.0664,0.2417,-0.1143,0.012,0.0033,0.4392,-0.4472
3.64,127.2,159.2,96.32,-0.0053,1.5311,0.0667,0.2422,-0.1157,0.012,0.0033,0.4392,-0.4472
3.66,126.8,159.8,96.08,-0.0005,1.5287,0.0669,0.2427,-0.117,0.012,0.0033,0.4392,-0.4472
3.68,126.4,160.4,95.84,0.0044,1.5264,0.0672,0.2431,-0.1184,0.012,0.0033,0.4392,-0.4472
3.7,126.0,161.0,95.6,0.0093,1.524,0.0674,0.2436,-0.1198,0.012,0.0033,0.4392,-0.4472
3.72,125.6,161.6,95.36,0.0142,1.5216,0.0676,0.2441,-0.1211,0.012,0.0033,0.4392,-0.4472
3.74,125.2,162.2,95.12,0.019,1.5191,0.0679,0.2445,-0.1225,0.012,0.0032,0.4392,-0.4472
3.76,124.8,162.8,94.88,0.0239,1.5166,0.0681,0.245,-0.1239,0.012,0.0032,0.4392,-0.4472
3.78,124.4,163.4,94.64,0.0289,1.5141,0.0684,0.2454,-0.1252,0.012,0.0032,0.4392,-0.4472
3.8,124.0,164.0,94.4,0.0338,1.5116,0.0686,0.2459,-0.1266,0.012,0.0032,0.4392,-0.4472
3.82,123.6,164.6,94.16,0.0387,1.509,0.0688,0.2463,-0.128,0.012,0.0032,0.4392,-0.4472
3.84,123.2,165.2,93.92,0.0436,1.5064,0.0691,0.2468,-0.1294,0.012,0.0032,0.4392,-0.4472
3.86,122.8,165.8,93.68,0.0486,1.5038,0.0693,0.2472,-0.1308,0.012,0.0032,0.4392,-0.4472
3.88,122.4,166.4,93.44,0.0535,1.5012,0.0696,0.2477,-0.1321,0.012,0.0032,0.4392,-0.4472
3.9,122.0,167.0,93.2,0.0585,1.4985,0.0698,0.2481,-0.1335,0.012,0.0032,0.4392,-0.4472
3.92,121.6,167.6,92.96,0.0635,1.4958,0.07,0.2485,-0.1349,0.012,0.0032,0.4392,-0.4472
3.94,121.2,168.2,92.72,0.0684,1.4931,0.0703,0.249,-0.1363,0.012,0.0032,0.4392,-0.4472
3.96,120.8,168.8,92.48,0.0734,1.4903,0.0705,0.2494,-0.1377,0.012,0.0031,0.4392,-0.4472
3.98,120.4,169.4,92.24,0.0784,1.4876,0.0708,0.2498,-0.1391,0.012,0.0031,0.4392,-0.4472
4.0,120.0,170.0,92.0,0.0834,1.4848,0.071,0.2503,-0.1405,0.012,0.0031,0.4392,-0.4472
4.02,119.6,170.6,91.76,0.0884,1.4819,0.0712,0.2507,-0.1418,0.012,0.0031,0.4392,-0.4472
4.04,119.2,171.2,91.52,0.0935,1.4791,0.0715,0.2511,-0.1432,0.012,0.0031,0.4392,-0.4472
4.06,118.8,171.8,91.28,0.0985,1.4762,0.0717,0.2516,-0.1446,0.012,0.0031,0.4392,-0.4472
4.08,118.4,172.4,91.04,0.1035,1.4732,0.072,0.252,-0.146,0.012,0.0031,0.4392,-0.4472
4.1,118.0,173.0,90.8,0.1086,1.4703,0.0722,0.2524,-0.1474,0.012,0.0031,0.4392,-0.4472
4.12,117.6,173.6,90.56,0.1136,1.4673,0.0724,0.2528,-0.1488,0.012,0.0031,0.4392,-0.4472
4.14,117.2,174.2,90.32,0.1187,1.4643,0.0727,0.2532,-0.1503,0.012,0.0031,0.4392,-0.4472
4.16,116.8,174.8,90.08,0.1238,1.4613,0.0729,0.2537,-0.1517,0.012,0.003,0.4392,-0.4472
4.18,116.4,175.4,89.84,0.1289,1.4582,0.0732,0.2541,-0.1531,0.012,0.003,0.4392,-0.4472
4.2,116.0,176.0,89.6,0.134,1.4551,0.0734,0.2545,-0.1545,0.012,0.003,0.4392,-0.4472
4.22,115.6,176.6,89.36,0.1391,1.452,0.0736,0.2549,-0.1559,0.012,0.003,0.4392,-0.4472
4.24,115.2,177.2,89.12,0.1442,1.4489,0.0739,0.2553,-0.1573,0.012,0.003,0.4392,-0.4472
4.26,114.8,177.8,88.88,0.1493,1.4457,0.0741,0.2557,-0.1588,0.012,0.003,0.4392,-0.4472
4.28,114.4,178.4,88.64,0.1544,1.4425,0.0744,0.2562,-0.1602,0.012,0.003,0.4392,-0.4472
4.3,114.0,179.0,88.4,0.1595,1.4392,0.0746,0.2566,-0.1616,0.012,0.003,0.4392,-0.4472
4.32,113.6,179.6,88.16,0.1647,1.436,0.0748,0.257,-0.1631,0.012,0.003,0.4392,-0.4472
4.34,113.2,180.2,87.92,0.1698,1.4327,0.0751,0.2574,-0.1645,0.012,0.0029,0.4392,-0.4472
4.36,112.8,180.8,87.68,0.175,1.4294,0.0753,0.2578,-0.1659,0.012,0.0029,0.4392,-0.4472
4.38,112.4,181.4,87.44,0.1801,1.426,0.0756,0.2582,-0.1674,0.012,0.0029,0.4392,-0.4472
4.4,112.0,182.0,87.2,0.1853,1.4227,0.0758,0.2586,-0.1688,0.012,0.0029,0.4392,-0.4472
4.42,111.6,182.6,86.96,0.1905,1.4192,0.076,0.2591,-0.1703,0.012,0.0029,0.4392,-0.4472
4.44,111.2,183.2,86.72,0.1957,1.4158,0.0763,0.2595,-0.1718,0.012,0.0029,0.4392,-0.4472
4.46,110.8,183.8,86.48,0.2009,1.4123,0.0765,0.2599,-0.1732,0.012,0.0029,0.4392,-0.4472
4.48,110.4,184.4,86.24,0.2061,1.4089,0.0768,0.2603,-0.1747,0.012,0.0029,0.4392,-0.4472
4.5,110.0,185.0,86.0,0.2113,1.4053,0.077,0.2607,-0.1762,0.012,0.0028,0.4392,-0.4472
4.52,109.6,185.6,85.76,0.2165,1.4018,0.0772,0.2611,-0.1776,0.012,0.0028,0.4392,-0.4472
4.54,109.2,186.2,85.52,0.2218,1.3982,0.0775,0.2616,-0.1791,0.012,0.0028,0.4392,-0.4472
4.56,108.8,186.8,85.28,0.227,1.3946,0.0777,0.262,-0.1806,0.012,0.0028,0.4392,-0.4472
4.58,108.4,187.4,85.04,0.2322,1.3909,0.078,0.2624,-0.1821,0.012,0.0028,0.4392,-0.4472
4.6,108.0,188.0,84.8,0.2375,1.3873,0.0782,0.2628,-0.1836,0.012,0.0028,0.4392,-0.4472
4.62,107.6,188.6,84.56,0.2428,1.3836,0.0784,0.2633,-0.1851,0.012,0.0028,0.4392,-0.4472
4.64,107.2,189.2,84.32,0.248,1.3798,0.0787,0.2637,-0.1866,0.012,0.0028,0.4392,-0.4472
4.66,106.8,189.8,84.08,0.2533,1.3761,0.0789,0.2641,-0.1881,0.012,0.0027,0.4392,-0.4472
4.68,106.4,190.4,83.84,0.2586,1.3723,0.0792,0.2645,-0.1896,0.012,0.0027,0.4392,-0.4472
4.7,106.0,191.0,83.6,0.2639,1.3685,0.0794,0.265,-0.1912,0.012,0.0027,0.4392,-0.4472
4.72,105.6,191.6,83.36,0.2692,1.3646,0.0796,0.2654,-0.1927,0.012,0.0027,0.4392,-0.4472
4.74,105.2,192.2,83.12,0.2745,1.3607,0.0799,0.2658,-0.1942,0.012,0.0027,0.4392,-0.4472
4.76,104.8,192.8,82.88,0.2799,1.3568,0.0801,0.2663,-0.1958,0.012,0.0027,0.4392,-0.4472
4.78,104.4,193.4,82.64,0.2852,1.3529,0.0804,0.2667,-0.1973,0.012,0.0026,0.4392,-0.4472
4.8,104.0,194.0,82.4,0.2905,1.3489,0.0806,0.2672,-0.1989,0.012,0.0026,0.4392,-0.4472
4.82,103.6,194.6,82.16,0.2959,1.3449,0.0808,0.2676,-0.2005,0.012,0.0026,0.4392,-0.4472
4.84,103.2,195.2,81.92,0.3013,1.3408,0.0811,0.2681,-0.202,0.012,0.0026,0.4392,-0.4472
4.86,102.8,195.8,81.68,0.3066,1.3368,0.0813,0.2685,-0.2036,0.012,0.0026,0.4392,-0.4472
4.88,102.4,196.4,81.44,0.312,1.3326,0.0816,0.269,-0.2052,0.012,0.0026,0.4392,-0.4472
4.9,102.0,197.0,81.2,0.3174,1.3285,0.0818,0.2694,-0.2068,0.012,0.0026,0.4392,-0.4472
4.92,101.6,197.6,80.96,0.3228,1.3243,0.082,0.2699,-0.2084,0.012,0.0025,0.4392,-0.4472
4.94,101.2,198.2,80.72,0.3282,1.3201,0.0823,0.2704,-0.21,0.012,0.0025,0.4392,-0.4472
4.96,100.8,198.8,80.48,0.3336,1.3159,0.0825,0.2709,-0.2117,0.012,0.0025,0.4392,-0.4472
4.98,100.4,199.4,80.24,0.339,1.3116,0.0828,0.2713,-0.2133,0.012,0.0025,0.4392,-0.4472
5.0,100.0,200.0,80.0,0.3445,1.3073,0.083,0.2718,-0.215,0.012,0.0025,0.4392,-0.4472
